method,rl_50y,rl_100y
Gumbel_block_max,35.625447878728984,36.68172264814496
GEV_block_max,33.58875252369921,33.86596363860765
Weibull_block_max,33.51750127052887,33.79000522347326
Lognormal_block_max,34.0645162420874,34.569268216434345
POT_GPD,34.0153053276202,34.40104293857327
